[{"name":"vietjetair","trangthai":"0","time1":"06:00","Origin":"Ho Chi Minh","time2":"08:05","Destination":"Ha Noi","type_journey":"Eco","cost":"1140000","codes_flight":"VJ8660","crypt":"VNA#ZmQH91Osq01Jw7Mwqtze4sbDeuzmLoPisw9WV6wl25EMxZaoFHIjeDHjYsyoJOXB9vC7+rx0MOpVAJKru+DvHf7ZqBvfkY8FnmD5ri1StMdfWEuW5tHrAthY+NpR0iyE"},{"name":"vietjetair","trangthai":"0","time1":"07:30","Origin":"Ho Chi Minh","time2":"09:35","Destination":"Ha Noi","type_journey":"Eco","cost":"1140000","codes_flight":"VJ8662","crypt":"VNA#p5zDBfcgvpD1IV9nJGoJSBqskVG5TOME1s0BFocuYiaei0Is3BhvLsEZYq235PMqi2pyJRvsVp6Yj8LMsFbkvAF2Dr0ZSwPQh2Bd9OjyecmLeMH2xktsQ5McA9q5Ybue"},{"name":"vietjetair","trangthai":"0","time1":"09:00","Origin":"Ho Chi Minh","time2":"11:05","Destination":"Ha Noi","type_journey":"Eco","cost":"1140000","codes_flight":"VJ8664","crypt":"VNA#TXbb\/jLP5ZZmg19lnm\/tV6zRTmjUGdtdjVxosMuyX8kYtSrUz+Ujon9+D6eE7aTa2wqHlae4Q8i9\/ZrGXIgKqsKKMZb9rIFos10Wb7BKzFmr13U6afRndabaakeuYlDg"},{"name":"vietjetair","trangthai":"0","time1":"09:35","Origin":"Ho Chi Minh","time2":"11:40","Destination":"Ha Noi","type_journey":"Eco","cost":"1140000","codes_flight":"VJ8682","crypt":"VNA#322qT7x49CNw1aGQTP1MNQTEquKSExUjIuRHhtku+N2rLA0gE76c1Pp3ESQL11OcWvo1SxIUYcCpPhvVd2CruGuUazoE+2obiU4QiVQk4sLDd2DxEBH4RrUVhP3usbz9"},{"name":"vietjetair","trangthai":"0","time1":"11:15","Origin":"Ho Chi Minh","time2":"13:20","Destination":"Ha Noi","type_journey":"Eco","cost":"1140000","codes_flight":"VJ8666","crypt":"VNA#MylsZn6sODnUsmDp3Knb3lkolIe+pTSh7DfZwDlDqDt+VUrvR6m213q3nHp8RBJ+AhclqVvNDBioXmdQAcBldu4OIBDbywSZrhEwLH4Gah\/bNPWCA39T7J97SyR1tNJu"},{"name":"vietjetair","trangthai":"0","time1":"12:50","Origin":"Ho Chi Minh","time2":"14:55","Destination":"Ha Noi","type_journey":"Eco","cost":"1140000","codes_flight":"VJ8668","crypt":"VNA#BaxViKrP+FmD369Jbf5jqenm6JJqXEmDT33Z5ss8fkpXT0JQOYkPRxcipvSQkmK\/uf2NoaDwu1E9XCWj6e6v9uub5Crvd5KpArbsN3JY4lTnVERrBhWY0HfWelga508s"},{"name":"vietjetair","trangthai":"0","time1":"14:50","Origin":"Ho Chi Minh","time2":"16:55","Destination":"Ha Noi","type_journey":"Eco","cost":"1140000","codes_flight":"VJ8670","crypt":"VNA#2m+eCGNjLRqMdWwDVHgHqxktwygkuDU+ZhSCpTlrvyjN4qUAhV4OB50pun8PwUXnhjDzSoXGsoHAi7MFmG9xbavlXaj5PO5pD1hv\/fsdi89I5cG6UpCuOj0Upwb2m9ce"},{"name":"vietjetair","trangthai":"0","time1":"16:35","Origin":"Ho Chi Minh","time2":"18:40","Destination":"Ha Noi","type_journey":"Eco","cost":"1140000","codes_flight":"VJ8672","crypt":"VNA#Om1VJtunCoOKNeK2am3rvVf78bpenkHf5uUaEmPs62\/erCk9H91dDsGeX1HESwRP5TBFq7l\/LqoRDw3mfkTPyWqJK1ddzeCW8qRLRMlKWsBnItQNl4eT\/osBHdmVpJ3q"},{"name":"vietjetair","trangthai":"0","time1":"20:10","Origin":"Ho Chi Minh","time2":"22:15","Destination":"Ha Noi","type_journey":"Eco","cost":"1140000","codes_flight":"VJ8674","crypt":"VNA#zg1067+dJN+VHqKB7WrF9i0gLS+pj9CDkEpAvjC\/d3H86SeHv8lhpid51F8eu5+xUUKYkTRVmvuc\/buPsFQTsfsmiLsnkhzk+hm0AFOaT5rts2UF8Ol7UrhYWSBjf8YI"},{"name":"vietjetair","trangthai":"0","time1":"21:00","Origin":"Ho Chi Minh","time2":"23:05","Destination":"Ha Noi","type_journey":"Eco","cost":"1140000","codes_flight":"VJ8676","crypt":"VNA#p2R9XU7iS3L4juFI6yblFN2pLZMUwyJcwh9CnpPIqtIR76I3dOJtCG6cExKnsxYteLyoLTtNyFA+pLeo0248S3YYNVnibvUuAfbc+Sbm5lNMeCqD9MzOZsRatczPCt20"},{"name":"vietjetair","trangthai":"0","time1":"21:10","Origin":"Ho Chi Minh","time2":"23:15","Destination":"Ha Noi","type_journey":"Eco","cost":"2800000","codes_flight":"VJ8680","crypt":"VNA#\/d55EYFphQpb0aiQMBKalFqGR9JQU2HzUSuNQBM9zyW377kMwIAQZ\/oKKZgOQP6mMeeUVsvqbpuhepHy8AT+VELZg3iRzYiCNDfW4BadAgOb7nB8TeHLXdcg+svQgrzp"},{"name":"vietjetair","trangthai":"0","time1":"22:50","Origin":"Ho Chi Minh","time2":"00:55","Destination":"Ha Noi","type_journey":"Eco","cost":"1030000","codes_flight":"VJ8678","crypt":"VNA#ZChCjICy9OGAid+3i7sPWW+IgF5ciMhvuy8EXkJVNG37e8h8Y\/Chady81cZKltaJL4ETjGpnt0IEANWd95ThYSh4hDEIaOtPikoS48Vb8kqh6q4MkGLIyOn78reSqaxE"},{"name":"vietjetair","trangthai":"1","time1":"06:20","Origin":"Ha Noi","time2":"08:25","Destination":"Ho Chi Minh","type_journey":"Eco","cost":"1030000","codes_flight":"VJ8661","crypt":"VNA#eqtAdjj4OCtauiwHzbWr8kMdp+g71u3jn1imCEU\/FS5EQ\/w4u6ut0pZ+5s+khjpbZ3xogUwgxliWKKAggIAXCCueSouR1AouVZfReHXYFB3NIDT2F0crbNC5DLC9aYBv"},{"name":"vietjetair","trangthai":"1","time1":"07:00","Origin":"Ha Noi","time2":"09:05","Destination":"Ho Chi Minh","type_journey":"Eco","cost":"1140000","codes_flight":"VJ8683","crypt":"VNA#Zlbai0WF+9DCebx7l1FdS9UF2G3IuyHREl69jz8iQDOmWvqfmlZ1zGn0eSUagVw5jS377lSwqTuqaMFa6ZJGXbB7+9rH7QHl88qWE4ITZOObds\/7MdEWN8l7kpaXPNoy"},{"name":"vietjetair","trangthai":"1","time1":"08:35","Origin":"Ha Noi","time2":"10:40","Destination":"Ho Chi Minh","type_journey":"Eco","cost":"1140000","codes_flight":"VJ8663","crypt":"VNA#aDvJ0RtpeyfXIboCsiEcqZfBLW4vABrfPbOMl0gmDL6+V9xbZJ3qFsyEh+sSBM+p8ohhgWqj2S4dVifbpkeDbArKH3yiCA7ekxGguHdqEC3jQmY75JptjGAfSWKP49Gl"},{"name":"vietjetair","trangthai":"1","time1":"10:10","Origin":"Ha Noi","time2":"12:15","Destination":"Ho Chi Minh","type_journey":"Eco","cost":"1260000","codes_flight":"VJ8665","crypt":"VNA#8CThLYPSIQRoGSwG+dUZzNM3Lw\/2uJLK7r+OdOha8vEqTY7WgTKHMZrFdzI\/hjZLEqeokP4gMy8ItPtG2WiTaqjT3udVsMkLO3j0ajsuaU2DUfIhzbqS8ySMEG1z+Xse"},{"name":"vietjetair","trangthai":"1","time1":"11:40","Origin":"Ha Noi","time2":"13:45","Destination":"Ho Chi Minh","type_journey":"Eco","cost":"1260000","codes_flight":"VJ8667","crypt":"VNA#xjJesj9JWywph1Ysj6IvWTATPO6nztsdNCp+TkstsW\/XCeL4BAuFk2TL4wjY21yTKDA2KL9k2occkmaenteK\/VPHnGUeFOc9xrhNWjZv0G3DDA6Hx3jvwHm0ItfpQagC"},{"name":"vietjetair","trangthai":"1","time1":"13:55","Origin":"Ha Noi","time2":"16:00","Destination":"Ho Chi Minh","type_journey":"Eco","cost":"1140000","codes_flight":"VJ8669","crypt":"VNA#i5BwJMHRYh0ev50YFGZQbv1qU7+GOMRd8ha+PtHwvWa9rJgeIEbDvGTRoMVc+g65sYAeJLMGLHjL3eRH5TsUzUvqn+8bbsFay2b6Ob+J6LOrsg11VwUpItihoIr3F9Pk"},{"name":"vietjetair","trangthai":"1","time1":"15:40","Origin":"Ha Noi","time2":"17:45","Destination":"Ho Chi Minh","type_journey":"Eco","cost":"1260000","codes_flight":"VJ8681","crypt":"VNA#F3A7ngZwZBwEwd1QT2ghqQCgdfgWyAEgy6BA18spp61vpTHdjXIXUIBgauf5JA1ewEuqaNDVmYewk0KoEBDI0QabqTuc6mqNSD9bIwVWFM1ZHIi4TaKlv\/PIVlKKQnTe"},{"name":"vietjetair","trangthai":"1","time1":"17:30","Origin":"Ha Noi","time2":"19:35","Destination":"Ho Chi Minh","type_journey":"Eco","cost":"1260000","codes_flight":"VJ8671","crypt":"VNA#0Y+sugLh0RU7TZQlFwJ7m7quCH379omRzk2hC2AWybzuAcFSNAAYlPc5VqmJXryQuwhJrgNDEG7v9iiSfLA91tES9CD+JH8r3cwkDuQsICC6+5Sdrv+T67rVbd04LAKs"},{"name":"vietjetair","trangthai":"1","time1":"19:15","Origin":"Ha Noi","time2":"21:20","Destination":"Ho Chi Minh","type_journey":"Eco","cost":"1260000","codes_flight":"VJ8673","crypt":"VNA#Cqr3Pv\/Bi2EJMtOClsgk4RUo3MqATI99jZyvEq7WY0ATeIR9n\/2Px5R1em8viws6JlBdUHoiGicCz8OQUp93bIvQHv2Svc96tFufjgl62Yn8iAZ734GtSrOdOYMFh6lS"},{"name":"vietjetair","trangthai":"1","time1":"20:10","Origin":"Ha Noi","time2":"22:15","Destination":"Ho Chi Minh","type_journey":"Eco","cost":"1260000","codes_flight":"VJ8675","crypt":"VNA#61dvVxlmizUmcdXwXMMbLYKuJcLu8Dou1tX6qSMXKOTaQy6cqO\/EP2YwqHP+x+0LgmRkWw8T5h9+cx0bXICLl\/HjC8PaUYPuIc9zWRB00D3oyzjcd\/ZSquliK2xJ4UNJ"},{"name":"vietjetair","trangthai":"1","time1":"21:30","Origin":"Ha Noi","time2":"23:35","Destination":"Ho Chi Minh","type_journey":"Eco","cost":"1140000","codes_flight":"VJ8677","crypt":"VNA#P6ctttJ\/E1QjoSrFmZPPfJniZnD49xZENtrZyJjTOLfgxrZKTVBtcO6yjrnHxAkfpHXuNNycBZDU1M+ezYll4NdW2K6AldCUrSPU5gc\/kn6RIcLaDapGF9jUTinzqw5p"},{"name":"vietjetair","trangthai":"1","time1":"22:50","Origin":"Ha Noi","time2":"00:55","Destination":"Ho Chi Minh","type_journey":"Eco","cost":"1140000","codes_flight":"VJ8679","crypt":"VNA#\/zH4HgqytNbtbdFynVqY1yQfrrpzkndkbFDhYeoagAvFTY2AH4cHHDgar\/BEXyCo4CZwlIvxiah2mhaBBPyyrmYhR9KAjZpA5YtklOQYF0exhzp9AulSRQMkZfiGFISX"}]



// {
// 	"name":"vietjetair", 		// Tên hãng
// 	"trangthai":"0",			// Trạng thái đặt
// 	"time1":"06:00",			// Giờ cất cánh
// 	"Origin":"Ho Chi Minh",		// Điểm xuất phát
// 	"time2":"08:05",			// Giờ hạ cánh
// 	"Destination":"Ha Noi",		// Điểm đến
// 	"type_journey":"Eco",		// Hạng vé
// 	"cost":"1140000",			// Giá mỗi vé
// 	"codes_flight":"VJ8660",	// Mã chuyến bay
// 	"crypt":"VNA#ZmQH91Osq01Jw7Mwqtze4sbDeuzmLoPisw9WV6wl25EMxZaoFHIjeDHjYsyoJOXB9vC7+rx0MOpVAJKru+DvHf7ZqBvfkY8FnmD5ri1StMdfWEuW5tHrAthY+NpR0iyE"
// },

// {
// 	"name":"vietjetair",
// 	"trangthai":"0",
// 	"time1":"07:30",
// 	"Origin":"Ho Chi Minh",
// 	"time2":"09:35",
// 	"Destination":"Ha Noi",
// 	"type_journey":"Eco",
// 	"cost":"1140000",
// 	"codes_flight":"VJ8662",
// 	"crypt":"VNA#p5zDBfcgvpD1IV9nJGoJSBqskVG5TOME1s0BFocuYiaei0Is3BhvLsEZYq235PMqi2pyJRvsVp6Yj8LMsFbkvAF2Dr0ZSwPQh2Bd9OjyecmLeMH2xktsQ5McA9q5Ybue"
// },